ticker,cik,company_name,sector
AAPL,0000320193,APPLE,Information Technology
ABBV,0001551152,ABBVIE,Health Care
ABT,0000001800,ABBOTT LABORATORIES,Health Care
ACN,0001467373,ACCENTURE PLC CLASS A,Information Technology
ADBE,0000796343,ADOBE INC,Information Technology
AMAT,0000006951,APPLIED MATERIAL INC,Information Technology
AMD,0000002488,ADVANCED MICRO DEVICES,Information Technology
AMGN,0000318154,AMGEN INC,Health Care
AMT,0001053507,AMERICAN TOWER REIT,Real Estate
AMZN,0001018724,AMAZON.COM INC,Consumer Discretionary
ANET,0001596532,ARISTA NETWORKS,Information Technology
AVGO,0001730168,BROADCOM INC,Information Technology
AXP,0000004962,AMERICAN EXPRESS,Financials
BA,0000012927,BOEING,Industrials
BAC,0000070858,BANK OF AMERICA,Financials
BKNG,0001075531,BOOKING HOLDINGS,Consumer Discretionary
BLK,0002012383,BLACKROCK,Financials
BMY,0000014272,BRISTOL MYERS SQUIBB,Health Care
BNY,0001390777,BANK OF NEW YORK MELLON CORP,Financials
BRK.B,0001067983,BERKSHIRE HATHAWAY INC CLASS B,Financials
C,0000831001,CITIGROUP,Financials
CAT,0000018230,CATERPILLAR INC,Industrials
CMCSA,0001166691,COMCAST CLASS A,Communication Services
COF,0000927628,CAPITAL ONE FINANCIAL CORP,Financials
COP,0001163165,CONOCOPHILLIPS,Energy
COST,0000909832,COSTCO WHOLESALE CORP,Consumer Staples
CRM,0001108524,SALESFORCE,Information Technology
CSCO,0000858877,CISCO SYSTEMS INC,Information Technology
CVS,0000064803,CVS HEALTH,Health Care
CVX,0000093410,CHEVRON,Energy
DE,0000315189,DEERE,Industrials
DELL,0001571996,DELL TECHNOLOGIES INC CLASS C,Information Technology
DHR,0000313616,DANAHER,Health Care
DIS,0001744489,WALT DISNEY,Communication Services
DUK,0001326160,DUKE ENERGY CORP,Utilities
EMR,0000032604,EMERSON ELECTRIC,Industrials
FDX,0001048911,FEDEX CORP,Industrials
GD,0000040533,GENERAL DYNAMICS CORP,Industrials
GE,0000040545,GE AEROSPACE,Industrials
GEV,0001996810,GE VERNOVA,Industrials
GILD,0000882095,GILEAD SCIENCES,Health Care
GM,0001467858,GENERAL MOTORS,Consumer Discretionary
GOOG,0001652044,ALPHABET CLASS C,Communication Services
GOOGL,0001652044,ALPHABET CLASS A,Communication Services
GS,0000886982,GOLDMAN SACHS GROUP,Financials
HD,0000354950,HOME DEPOT,Consumer Discretionary
IBM,0000051143,INTERNATIONAL BUSINESS MACHINES,Information Technology
INTC,0000050863,INTEL CORPORATION,Information Technology
INTU,0000896878,INTUIT,Information Technology
ISRG,0001035267,INTUITIVE SURGICAL,Health Care
JNJ,0000200406,JOHNSON & JOHNSON,Health Care
JPM,0000019617,JPMORGAN CHASE & CO,Financials
KO,0000021344,COCA-COLA,Consumer Staples
LIN,0001707925,LINDE PLC,Materials
LLY,0000059478,ELI LILLY,Health Care
LMT,0000936468,LOCKHEED MARTIN CORP,Industrials
LOW,0000060667,LOWES COMPANIES INC,Consumer Discretionary
LRCX,0000707549,LAM RESEARCH,Information Technology
MA,0001141391,MASTERCARD CLASS A,Financials
MCD,0000063908,MCDONALDS CORP,Consumer Discretionary
MDLZ,0001103982,MONDELEZ INTERNATIONAL CLASS A,Consumer Staples
MDT,0001613103,MEDTRONIC PLC,Health Care
META,0001326801,META PLATFORMS CLASS A,Communication Services
MMM,0000066740,3M,Industrials
MO,0000764180,ALTRIA GROUP INC,Consumer Staples
MRK,0000310158,MERCK & CO INC,Health Care
MS,0000895421,MORGAN STANLEY,Financials
MSFT,0000789019,MICROSOFT,Information Technology
MU,0000723125,MICRON TECHNOLOGY,Information Technology
NEE,0000753308,NEXTERA ENERGY,Utilities
NFLX,0001065280,NETFLIX,Communication Services
NOW,0001373715,SERVICENOW,Information Technology
NVDA,0001045810,NVIDIA,Information Technology
ORCL,0001341439,ORACLE,Information Technology
PANW,0001327567,PALO ALTO NETWORKS,Information Technology
PEP,0000077476,PEPSICO,Consumer Staples
PFE,0000078003,PFIZER,Health Care
PG,0000080424,PROCTER & GAMBLE,Consumer Staples
PLTR,0001321655,PALANTIR TECHNOLOGIES CLASS A,Information Technology
PM,0001413329,PHILIP MORRIS INTERNATIONAL,Consumer Staples
QCOM,0000804328,QUALCOMM,Information Technology
RTX,0000101829,RTX,Industrials
SBUX,0000829224,STARBUCKS CORP,Consumer Discretionary
SCHW,0000316709,CHARLES SCHWAB,Financials
SNDK,0002023554,SANDISK,Information Technology
SO,0000092122,SOUTHERN,Utilities
T,0000732717,AT&T,Communication Services
TMO,0000097745,THERMO FISHER SCIENTIFIC INC,Health Care
TMUS,0001283699,T MOBILE US INC,Communication Services
TSLA,0001318605,TESLA INC,Consumer Discretionary
TXN,0000097476,TEXAS INSTRUMENT INC,Information Technology
UBER,0001543151,UBER TECHNOLOGIES,Industrials
UNH,0000731766,UNITEDHEALTH GROUP,Health Care
UNP,0000100885,UNION PACIFIC,Industrials
UPS,0001090727,UNITED PARCEL SERVICE INC CLASS B,Industrials
USB,0000036104,US BANCORP,Financials
V,0001403161,VISA CLASS A,Financials
VZ,0000732712,VERIZON COMMUNICATIONS INC,Communication Services
WFC,0000072971,WELLS FARGO,Financials
WMT,0000104169,WALMART,Consumer Staples
XOM,0002115436,EXXONMOBIL HOLDINGS CORP,Energy
